model,channels,fault,true_cause,events,detected,delay_median,delay_p90,decision_latency_median,extra,pred_process,pred_instrument,pred_data_path,pred_undetermined
TANK,level+rate,LEVEL_SHIFT,PROCESS,109,101,14.0,18.0,85.0,0,100,1,0,0
TANK,level+rate,RAMP,PROCESS,115,106,32.5,57.0,183.5,3,103,3,0,0
TANK,level+rate,REGIME_CHANGE,PROCESS,109,109,14.0,17.2,77.0,41,107,1,1,0
TANK,level+rate,BIAS_STEP,INSTRUMENT,111,109,0.0,1.0,40.0,0,0,109,0,0
TANK,level+rate,LINEAR_DRIFT,INSTRUMENT,118,110,36.0,81.0,81.0,8,7,103,0,0
TANK,level+rate,NOISE_GROWTH,INSTRUMENT,112,112,3.0,15.0,43.0,9,0,112,0,0
TANK,level+rate,STUCK_AT_LAST,INSTRUMENT,109,109,4.0,4.0,44.0,3,0,109,0,0
TANK,level+rate,SATURATION,INSTRUMENT,112,112,16.0,20.9,56.0,33,0,112,0,0
TANK,level+rate,SPIKE,DATA_PATH,115,115,0.0,0.0,40.0,0,0,0,115,0
TANK,level+rate,SUBSTITUTION,DATA_PATH,116,115,0.0,0.0,40.0,0,1,0,114,0
TANK,level+rate,REPLAY,DATA_PATH,114,113,3.0,3.0,43.0,1,0,0,113,0
TANK,level+rate,ZERO_OR_BOUNDARY,DATA_PATH,111,110,0.0,0.0,40.0,0,0,0,110,0
TANK,level+rate,DROPOUT,DATA_PATH,114,114,0.0,0.0,40.0,1,0,0,114,0
TANK,level+rate,FALSE_ALARMS,,37,,,,,,,,,
TANK,level+rate,MONITORED_HOURS,,170.862,,,,,,,,,
THERMAL,level+rate,LEVEL_SHIFT,PROCESS,110,97,18.0,27.0,110.0,0,96,1,0,0
THERMAL,level+rate,RAMP,PROCESS,110,91,78.0,120.0,204.0,3,87,4,0,0
THERMAL,level+rate,REGIME_CHANGE,PROCESS,111,88,24.0,48.0,96.0,3,88,0,0,0
THERMAL,level+rate,BIAS_STEP,INSTRUMENT,115,114,0.0,0.0,40.0,0,0,114,0,0
THERMAL,level+rate,LINEAR_DRIFT,INSTRUMENT,113,103,35.0,60.6,77.0,12,7,95,1,0
THERMAL,level+rate,NOISE_GROWTH,INSTRUMENT,114,114,2.0,17.1,42.0,7,0,114,0,0
THERMAL,level+rate,STUCK_AT_LAST,INSTRUMENT,118,117,4.0,4.0,44.0,1,0,117,0,0
THERMAL,level+rate,SATURATION,INSTRUMENT,107,107,15.0,22.8,55.0,30,0,107,0,0
THERMAL,level+rate,SPIKE,DATA_PATH,117,114,0.0,0.0,40.0,0,0,0,114,0
THERMAL,level+rate,SUBSTITUTION,DATA_PATH,116,116,0.0,0.0,40.0,0,1,0,115,0
THERMAL,level+rate,REPLAY,DATA_PATH,113,112,3.0,3.0,43.0,0,0,0,112,0
THERMAL,level+rate,ZERO_OR_BOUNDARY,DATA_PATH,116,115,0.0,0.0,40.0,0,0,0,115,0
THERMAL,level+rate,DROPOUT,DATA_PATH,117,117,0.0,0.0,40.0,0,0,0,117,0
THERMAL,level+rate,FALSE_ALARMS,,36,,,,,,,,,
THERMAL,level+rate,MONITORED_HOURS,,167.196,,,,,,,,,
POOLED,level+rate,LEVEL_SHIFT,PROCESS,219,198,16.0,23.0,96.0,0,196,2,0,0
POOLED,level+rate,RAMP,PROCESS,225,197,51.0,102.0,196.0,6,190,7,0,0
POOLED,level+rate,REGIME_CHANGE,PROCESS,220,197,17.0,37.4,86.0,44,195,1,1,0
POOLED,level+rate,BIAS_STEP,INSTRUMENT,226,223,0.0,1.0,40.0,0,0,223,0,0
POOLED,level+rate,LINEAR_DRIFT,INSTRUMENT,231,213,36.0,68.8,79.0,20,14,198,1,0
POOLED,level+rate,NOISE_GROWTH,INSTRUMENT,226,226,3.0,16.0,43.0,16,0,226,0,0
POOLED,level+rate,STUCK_AT_LAST,INSTRUMENT,227,226,4.0,4.0,44.0,4,0,226,0,0
POOLED,level+rate,SATURATION,INSTRUMENT,219,219,16.0,21.0,56.0,63,0,219,0,0
POOLED,level+rate,SPIKE,DATA_PATH,232,229,0.0,0.0,40.0,0,0,0,229,0
POOLED,level+rate,SUBSTITUTION,DATA_PATH,232,231,0.0,0.0,40.0,0,2,0,229,0
POOLED,level+rate,REPLAY,DATA_PATH,227,225,3.0,3.0,43.0,1,0,0,225,0
POOLED,level+rate,ZERO_OR_BOUNDARY,DATA_PATH,227,225,0.0,0.0,40.0,0,0,0,225,0
POOLED,level+rate,DROPOUT,DATA_PATH,231,231,0.0,0.0,40.0,1,0,0,231,0
POOLED,level+rate,FALSE_ALARMS,,73,,,,,,,,,
POOLED,level+rate,MONITORED_HOURS,,338.058,,,,,,,,,
