model,detector,fault,events,detected,delay_median,delay_p90
TANK,triage (level only),LEVEL_SHIFT,109,101,14.0,18.0
TANK,triage (level only),RAMP,115,106,32.5,57.0
TANK,triage (level only),REGIME_CHANGE,109,109,14.0,17.2
TANK,triage (level only),BIAS_STEP,111,109,0.0,1.0
TANK,triage (level only),LINEAR_DRIFT,118,108,36.0,72.6
TANK,triage (level only),NOISE_GROWTH,112,112,3.0,15.0
TANK,triage (level only),STUCK_AT_LAST,109,109,4.0,4.0
TANK,triage (level only),SATURATION,112,112,16.0,20.9
TANK,triage (level only),SPIKE,115,115,0.0,0.0
TANK,triage (level only),SUBSTITUTION,116,115,0.0,0.0
TANK,triage (level only),REPLAY,114,113,3.0,3.0
TANK,triage (level only),ZERO_OR_BOUNDARY,111,110,0.0,0.0
TANK,triage (level only),DROPOUT,114,114,0.0,0.0
TANK,triage (level only),FALSE_ALARMS_PER_HOUR,0.2165,,,
TANK,rolling z-score,LEVEL_SHIFT,109,109,23.0,30.4
TANK,rolling z-score,RAMP,115,65,53.0,81.4
TANK,rolling z-score,REGIME_CHANGE,109,94,22.0,36.8
TANK,rolling z-score,BIAS_STEP,111,111,0.0,0.0
TANK,rolling z-score,LINEAR_DRIFT,118,56,47.0,81.0
TANK,rolling z-score,NOISE_GROWTH,112,112,2.0,8.9
TANK,rolling z-score,STUCK_AT_LAST,109,26,208.0,249.5
TANK,rolling z-score,SATURATION,112,32,302.0,386.0
TANK,rolling z-score,SPIKE,115,114,0.0,0.0
TANK,rolling z-score,SUBSTITUTION,116,116,0.0,0.0
TANK,rolling z-score,REPLAY,114,0,NaN,NaN
TANK,rolling z-score,ZERO_OR_BOUNDARY,111,111,0.0,0.0
TANK,rolling z-score,DROPOUT,114,3,115.0,124.6
TANK,rolling z-score,FALSE_ALARMS_PER_HOUR,0.4097,,,
TANK,restarted CUSUM,LEVEL_SHIFT,109,109,12.0,19.0
TANK,restarted CUSUM,RAMP,115,115,24.0,37.2
TANK,restarted CUSUM,REGIME_CHANGE,109,109,12.0,18.0
TANK,restarted CUSUM,BIAS_STEP,111,109,1.0,11.4
TANK,restarted CUSUM,LINEAR_DRIFT,118,118,27.0,44.9
TANK,restarted CUSUM,NOISE_GROWTH,112,112,6.0,25.9
TANK,restarted CUSUM,STUCK_AT_LAST,109,80,21.0,181.0
TANK,restarted CUSUM,SATURATION,112,64,150.0,389.9
TANK,restarted CUSUM,SPIKE,115,82,0.0,33.0
TANK,restarted CUSUM,SUBSTITUTION,116,115,0.0,38.8
TANK,restarted CUSUM,REPLAY,114,31,82.0,127.0
TANK,restarted CUSUM,ZERO_OR_BOUNDARY,111,111,0.0,17.0
TANK,restarted CUSUM,DROPOUT,114,35,75.0,116.2
TANK,restarted CUSUM,FALSE_ALARMS_PER_HOUR,9.5925,,,
THERMAL,triage (level only),LEVEL_SHIFT,110,97,18.0,27.0
THERMAL,triage (level only),RAMP,110,91,78.0,120.0
THERMAL,triage (level only),REGIME_CHANGE,111,88,24.0,48.0
THERMAL,triage (level only),BIAS_STEP,115,114,0.0,0.0
THERMAL,triage (level only),LINEAR_DRIFT,113,99,34.0,58.0
THERMAL,triage (level only),NOISE_GROWTH,114,114,2.0,17.1
THERMAL,triage (level only),STUCK_AT_LAST,118,117,4.0,4.0
THERMAL,triage (level only),SATURATION,107,107,15.0,22.8
THERMAL,triage (level only),SPIKE,117,114,0.0,0.0
THERMAL,triage (level only),SUBSTITUTION,116,116,0.0,0.0
THERMAL,triage (level only),REPLAY,113,112,3.0,3.0
THERMAL,triage (level only),ZERO_OR_BOUNDARY,116,115,0.0,0.0
THERMAL,triage (level only),DROPOUT,117,117,0.0,0.0
THERMAL,triage (level only),FALSE_ALARMS_PER_HOUR,0.2153,,,
THERMAL,rolling z-score,LEVEL_SHIFT,110,72,29.5,52.6
THERMAL,rolling z-score,RAMP,110,43,95.0,121.8
THERMAL,rolling z-score,REGIME_CHANGE,111,57,43.0,96.2
THERMAL,rolling z-score,BIAS_STEP,115,115,0.0,0.0
THERMAL,rolling z-score,LINEAR_DRIFT,113,66,52.0,86.5
THERMAL,rolling z-score,NOISE_GROWTH,114,114,2.0,8.0
THERMAL,rolling z-score,STUCK_AT_LAST,118,32,201.5,280.4
THERMAL,rolling z-score,SATURATION,107,35,318.0,399.4
THERMAL,rolling z-score,SPIKE,117,117,0.0,0.0
THERMAL,rolling z-score,SUBSTITUTION,116,116,0.0,0.0
THERMAL,rolling z-score,REPLAY,113,1,35.0,35.0
THERMAL,rolling z-score,ZERO_OR_BOUNDARY,116,116,0.0,0.0
THERMAL,rolling z-score,DROPOUT,117,2,84.0,95.2
THERMAL,rolling z-score,FALSE_ALARMS_PER_HOUR,0.3947,,,
THERMAL,restarted CUSUM,LEVEL_SHIFT,110,110,16.0,28.1
THERMAL,restarted CUSUM,RAMP,110,110,56.5,84.1
THERMAL,restarted CUSUM,REGIME_CHANGE,111,111,20.0,38.0
THERMAL,restarted CUSUM,BIAS_STEP,115,114,1.0,3.4
THERMAL,restarted CUSUM,LINEAR_DRIFT,113,113,25.0,43.0
THERMAL,restarted CUSUM,NOISE_GROWTH,114,114,5.0,26.7
THERMAL,restarted CUSUM,STUCK_AT_LAST,118,82,24.5,168.7
THERMAL,restarted CUSUM,SATURATION,107,71,209.0,370.0
THERMAL,restarted CUSUM,SPIKE,117,89,0.0,44.2
THERMAL,restarted CUSUM,SUBSTITUTION,116,114,0.0,1.0
THERMAL,restarted CUSUM,REPLAY,113,36,76.0,131.0
THERMAL,restarted CUSUM,ZERO_OR_BOUNDARY,116,116,0.0,0.0
THERMAL,restarted CUSUM,DROPOUT,117,42,68.5,115.8
THERMAL,restarted CUSUM,FALSE_ALARMS_PER_HOUR,9.6175,,,
