model,amplitude_sigma,fault,events,detected,correct,pred_process,pred_instrument,pred_data_path,pred_undetermined
TANK,2,LEVEL_SHIFT,899,88,81,81,5,2,0
TANK,2,BIAS_STEP,901,234,56,168,56,10,0
TANK,3,LEVEL_SHIFT,899,439,428,428,10,1,0
TANK,3,BIAS_STEP,901,805,411,388,411,6,0
TANK,4,LEVEL_SHIFT,899,808,794,794,13,1,0
TANK,4,BIAS_STEP,901,888,788,100,788,0,0
TANK,5,LEVEL_SHIFT,899,868,852,852,16,0,0
TANK,5,BIAS_STEP,901,895,884,11,884,0,0
TANK,6,LEVEL_SHIFT,899,870,851,851,19,0,0
TANK,6,BIAS_STEP,901,896,896,0,896,0,0
TANK,8,LEVEL_SHIFT,899,870,846,846,24,0,0
TANK,8,BIAS_STEP,901,897,897,0,897,0,0
TANK,10,LEVEL_SHIFT,899,870,842,842,28,0,0
TANK,10,BIAS_STEP,901,897,897,0,897,0,0
THERMAL,2,LEVEL_SHIFT,897,9,4,4,0,5,0
THERMAL,2,BIAS_STEP,900,244,29,209,29,6,0
THERMAL,3,LEVEL_SHIFT,897,85,78,78,1,6,0
THERMAL,3,BIAS_STEP,900,826,287,532,287,7,0
THERMAL,4,LEVEL_SHIFT,897,369,364,364,2,2,1
THERMAL,4,BIAS_STEP,900,890,705,184,705,1,0
THERMAL,5,LEVEL_SHIFT,897,752,746,746,4,2,0
THERMAL,5,BIAS_STEP,900,896,870,26,870,0,0
THERMAL,6,LEVEL_SHIFT,897,868,862,862,6,0,0
THERMAL,6,BIAS_STEP,900,899,898,1,898,0,0
THERMAL,8,LEVEL_SHIFT,897,873,868,868,5,0,0
THERMAL,8,BIAS_STEP,900,899,899,0,899,0,0
THERMAL,10,LEVEL_SHIFT,897,874,869,869,5,0,0
THERMAL,10,BIAS_STEP,900,899,899,0,899,0,0
